relation string,id
relatedto,0
hascontext,1
isa,2
synonym,3
atlocation,4
etymologicallyrelatedto,5
distinctfrom,6
haslastsubevent,7
usedfor,8
similarto,9
desires,10
antonym,11
dbpedia,12
partof,13
formof,14
hasa,15
capableof,16
instanceof,17
hasprerequisite,18
motivatedbygoal,19
derivedfrom,20
hassubevent,21
causes,22
receivesaction,23
hasproperty,24
entails,25
hasfirstsubevent,26
notdesires,27
causesdesire,28
madeof,29
nothasproperty,30
createdby,31
locatednear,32
notcapableof,33
definedas,34
mannerof,35
